Question_ID,Question_Text,Reference_answer,Student_answer,Model_Evaluation_Result
1,What is needed for photosynthesis?,Carbondioxide and Sunlight,,
2,Mention the role of the radula in Molluscs.,The radula helps in scraping and scratching the food and creates depressions in the rocks,,
3,What is the importance of pneumatic bones and air sacs in Aves?,"Pneumatic bones, the hollow bones and air sacs in birds helps them in flying.",,
4,What do you mean by tonoplast?,Membrane boundary of the vacuole present in plant cells,,
5,Name the plant on which Mendel performed his experiments.,"Mendel performed his experiments on the plant, Pisum sativum � the garden pea plant.",,
6,What is heredity?,The continuity of features from one generation to another is known as heredity. It is also defined as the transmission of traits from parents to the offsprings.,,
7,What is a retrovirus?,A retrovirus is a virus that has RNA as its genetic material instead of DNA. HIV virus is a retrovirus.,,
8,What are the components of the chromosome?,A chromosome consists of two Chromatids joined together at the centromere. The chromaid consists of the DNA material wound over small protein molecules called histones.,,
9,Define homologous organs.,"Homologous organs are those organs, which have similar origin and basic plan of development, but may or may not differ in their functions. ",,
10,How does the creation of variations in a species promote survival?,Variations increases the adaptability of an organism to its changing environmental conditions.,,
